{
	"class_name" : "PinholeCameraParameters",
	"extrinsic" : 
	[
		0.83603793652103542,
		0.45984915882245114,
		-0.29929804514552627,
		0.0,
		0.54818969944339324,
		-0.72293798282728339,
		0.42053385881493638,
		0.0,
		-0.022991783789248016,
		-0.51565436497318895,
		-0.85648815155977831,
		0.0,
		-258.10180887987218,
		-67.376338120704673,
		401.49416140830613,
		1.0
	],
	"intrinsic" : 
	{
		"height" : 1016,
		"intrinsic_matrix" : 
		[
			879.88181024498977,
			0.0,
			0.0,
			0.0,
			879.88181024498977,
			0.0,
			923.5,
			507.5,
			1.0
		],
		"width" : 1848
	},
	"version_major" : 1,
	"version_minor" : 0
}